actor_url,actor_name,actor_gender,actor_race
https://www.imdb.com/name/nm0000375,Robert Downey Jr.,CM,W
https://www.imdb.com/name/nm0262635,Chris Evans,CM,W
https://www.imdb.com/name/nm1165110,Chris Hemsworth,CM,W
https://www.imdb.com/name/nm0748620,Paul Rudd,CM,W
https://www.imdb.com/name/nm0424060,Scarlett Johansson,CF,W
https://www.imdb.com/name/nm2394794,Karen Gillan,CF,W
https://www.imdb.com/name/nm0000982,Josh Brolin,CM,W
https://www.imdb.com/name/nm0348231,Sean Gunn,CM,W
https://www.imdb.com/name/nm0842770,Tilda Swinton,CF,W
https://www.imdb.com/name/nm0805476,John Slattery,CM,W
https://www.imdb.com/name/nm0000569,Gwyneth Paltrow,CF,W
https://www.imdb.com/name/nm0488953,Brie Larson,CF,W
https://www.imdb.com/name/nm4043618,Tom Holland,CM,W
https://www.imdb.com/name/nm0000623,Rene Russo,CF,W
https://www.imdb.com/name/nm0757855,Zoe Saldana,CF,L
https://www.imdb.com/name/nm1107001,Anthony Mackie,CM,B
https://www.imdb.com/name/nm2739851,Ross Marquand,CM,W
https://www.imdb.com/name/nm2017943,Hayley Atwell,CF,W
https://www.imdb.com/name/nm1935086,Tessa Thompson,CF,B
https://www.imdb.com/name/nm0749263,Mark Ruffalo,CM,W
https://www.imdb.com/name/nm0695435,Chris Pratt,CM,W
https://www.imdb.com/name/nm0751648,Joe Russo,CM,W
https://www.imdb.com/name/nm1775091,Danai Gurira,CF,B
https://www.imdb.com/name/nm0169806,Taika Waititi,CM,A
https://www.imdb.com/name/nm0331112,Patrick Gorman,CM,W
https://www.imdb.com/name/nm0000602,Robert Redford,CM,W
https://www.imdb.com/name/nm9962642,Lexi Rabe,CF,W
https://www.imdb.com/name/nm0004802,Linda Cardellini,CF,W
https://www.imdb.com/name/nm2534167,Tom Vaughan-Lawlor,CM,W
https://www.imdb.com/name/nm1089991,Tom Hiddleston,CM,W
https://www.imdb.com/name/nm1659221,Sebastian Stan,CM,W
https://www.imdb.com/name/nm10652243,Bazlo LeClair,CM,?
https://www.imdb.com/name/nm10652244,Loen LeClair,CM,?
https://www.imdb.com/name/nm0195439,James D'Arcy,CM,W
https://www.imdb.com/name/nm0269463,Jon Favreau,CM,W
https://www.imdb.com/name/nm0380073,Maximiliano Hernández,CM,L
https://www.imdb.com/name/nm0760796,Hiroyuki Sanada,CM,A
https://www.imdb.com/name/nm10534954,Ava Russo,CF,W
https://www.imdb.com/name/nm6355840,Michael A. Cook,CM,W
https://www.imdb.com/name/nm0000140,Michael Douglas,CM,W
https://www.imdb.com/name/nm0174403,Kerry Condon,CF,W
https://www.imdb.com/name/nm0938950,Benedict Wong,CM,A
https://www.imdb.com/name/nm0342029,Frank Grillo,CM,W
https://www.imdb.com/name/nm0647634,Elizabeth Olsen,CF,W
https://www.imdb.com/name/nm1212722,Benedict Cumberbatch,CM,W
https://www.imdb.com/name/nm0000204,Natalie Portman,CF,W
https://www.imdb.com/name/nm3409535,Emma Fuhrmann,CF,W
https://www.imdb.com/name/nm0000197,Jack Nicholson,CM,W
https://www.imdb.com/name/nm0000107,Kim Basinger,CF,W
https://www.imdb.com/name/nm0000474,Michael Keaton,CM,W
https://www.imdb.com/name/nm0943237,Robert Wuhl,CM,W
https://www.imdb.com/name/nm0001588,Jack Palance,CM,W
https://www.imdb.com/name/nm0001850,Billy Dee Williams,CM,B
https://www.imdb.com/name/nm0363898,Kate Harper,CF,W
https://www.imdb.com/name/nm0265457,Christopher Fairbank,CM,W
https://www.imdb.com/name/nm0385757,Pat Hingle,CM,W
https://www.imdb.com/name/nm0393853,William Hootkins,CM,W
https://www.imdb.com/name/nm0744853,George Roth,CM,W
https://www.imdb.com/name/nm0833380,Richard Strange,CM,W
https://www.imdb.com/name/nm0153704,Carl Chase,CM,W
https://www.imdb.com/name/nm0178059,George Lane Cooper,CM,W
https://www.imdb.com/name/nm0687658,Terence Plummer,CM,W
https://www.imdb.com/name/nm0848883,Philip Tan,CM,A
https://www.imdb.com/name/nm0001284,Michael Gough,CM,W
https://www.imdb.com/name/nm0250136,Keith Edwards,CM,W
https://www.imdb.com/name/nm0378586,Leon Herbert,CM,B
https://www.imdb.com/name/nm0908751,Lee Wallace,CM,W
https://www.imdb.com/name/nm0355717,Jerry Hall,CF,W
https://www.imdb.com/name/nm0570167,Bruce McGuire,CM,W
https://www.imdb.com/name/nm0687746,Steve Plytas,CM,W
https://www.imdb.com/name/nm0048390,Del Baker,CM,?
https://www.imdb.com/name/nm0422498,Jazzer Jeyes,CM,?
https://www.imdb.com/name/nm0584533,Wayne Michaels,CM,?
https://www.imdb.com/name/nm0615651,Valentino Musetti,CM,?
https://www.imdb.com/name/nm0853092,Rocky Taylor,CM,W
https://www.imdb.com/name/nm0353796,Garrick Hagon,CM,W
https://www.imdb.com/name/nm0919998,Anthony Wellington,CM,?
https://www.imdb.com/name/nm0185847,Edwin Craig,CM,?
https://www.imdb.com/name/nm0745183,Paul Rothery,CM,W
https://www.imdb.com/name/nm0910145,Tracey Walter,CF,W
https://www.imdb.com/name/nm0583476,Adrian Meyers,CM,W
https://www.imdb.com/name/nm6561765,Abraham Clinkscales,CM,B
https://www.imdb.com/name/nm1229742,Alejandro Rae,CM,W
https://www.imdb.com/name/nm0097504,Alex Borstein,CF,W
https://www.imdb.com/name/nm1483166,Aidan Cook,CM,W
https://www.imdb.com/name/nm10327924,Adam Quezada,CM,L
https://www.imdb.com/name/nm2029684,Al Coronel,CM,?
https://www.imdb.com/name/nm0000285,Alec Baldwin,CM,W
https://www.imdb.com/name/nm0576538,Ajay Mehta,CM,A
https://www.imdb.com/name/nm0541902,Aasif Mandvi,CM,A
https://www.imdb.com/name/nm0000432,Gene Hackman,CM,W
https://www.imdb.com/name/nm0001659,Christopher Reeve,CM,W
https://www.imdb.com/name/nm0452288,Margot Kidder,CF,W
https://www.imdb.com/name/nm0000654,Terence Stamp,CM,W
https://www.imdb.com/name/nm0674781,Valerie Perrine,CF,W
https://www.imdb.com/name/nm0178114,Jackie Cooper,CM,W
https://www.imdb.com/name/nm0235243,Sarah Douglas,CF,W
https://www.imdb.com/name/nm0550855,E.G. Marshall,CM,W
https://www.imdb.com/name/nm0641172,Jack O'Halloran,CM,W
https://www.imdb.com/name/nm0727300,Shane Rimmer,CM,W
https://www.imdb.com/name/nm0000885,Ned Beatty,CM,W
https://www.imdb.com/name/nm0001652,John Ratzenberger,CM,W
https://www.imdb.com/name/nm0566013,Marc McClure,CM,W
https://www.imdb.com/name/nm0503236,Richard LeParmentier,CM,W
https://www.imdb.com/name/nm0001640,Richard Pryor,CM,B
https://www.imdb.com/name/nm0559922,Al Matthews,CM,B
https://www.imdb.com/name/nm0056770,Adriana Barraza,CF,L
https://www.imdb.com/name/nm0913682,Jerry Wasserman,CM,W
https://www.imdb.com/name/nm0432228,Alessandro Juliani,CM,?
https://www.imdb.com/name/nm1570191,Agam Darshi,CM,A
https://www.imdb.com/name/nm0123509,Alex Burton,CM,W
https://www.imdb.com/name/nm0000288,Christian Bale,CM,
https://www.imdb.com/name/nm0000553,Liam Neeson,CM,
https://www.imdb.com/name/nm0005017,Katie Holmes,CF,
https://www.imdb.com/name/nm0000323,Michael Caine,CM,
https://www.imdb.com/name/nm0000198,Gary Oldman,CM,
https://www.imdb.com/name/nm0614165,Cillian Murphy,CM,
https://www.imdb.com/name/nm0913822,Ken Watanabe,CM,
https://www.imdb.com/name/nm0000442,Rutger Hauer,CM,
https://www.imdb.com/name/nm0929489,Tom Wilkinson,CM,
https://www.imdb.com/name/nm0000151,Morgan Freeman,,
https://www.imdb.com/name/nm0730070,Linus Roache,CM,
https://www.imdb.com/name/nm0095478,Mark Boone Junior,CM,
https://www.imdb.com/name/nm0784884,Rade Serbedzija,CM,
https://www.imdb.com/name/nm0568801,Colin McFarlane,CM,
https://www.imdb.com/name/nm0751301,Lucy Russell,CF,
https://www.imdb.com/name/nm0692058,Catherine Porter,CF,
https://www.imdb.com/name/nm1126528,Ronan Leahy,CM,
https://www.imdb.com/name/nm0390227,Larry Holden,CM,
https://www.imdb.com/name/nm0950954,Sai-Kit Yung,CM,
https://www.imdb.com/name/nm1940923,Patrick Nolan,CM,
https://www.imdb.com/name/nm1943055,Kwaku Ankomah,CM,
https://www.imdb.com/name/nm0060406,Alexandra Bastedo,CF,
https://www.imdb.com/name/nm0876891,Turbo Kong,CM,
https://www.imdb.com/name/nm1525717,David Bedella,CM,
https://www.imdb.com/name/nm1941353,Tenzin Gyurme,,
https://www.imdb.com/name/nm0568211,Martin McDougall,CM,
https://www.imdb.com/name/nm1080139,Jo Martin,,
https://www.imdb.com/name/nm0943179,Tom Wu,CM,
https://www.imdb.com/name/nm0000120,Jim Carrey,CM,
https://www.imdb.com/name/nm0000174,Val Kilmer,,
https://www.imdb.com/name/nm0000169,Tommy Lee Jones,CM,
https://www.imdb.com/name/nm0000173,Nicole Kidman,CF,
https://www.imdb.com/name/nm0000563,Chris O'Donnell,,
https://www.imdb.com/name/nm0600657,Philip Moon,CM,
https://www.imdb.com/name/nm0717055,Daniel Reichert,CM,
https://www.imdb.com/name/nm0779451,Kimberly Scott,CF,
https://www.imdb.com/name/nm0143784,Christopher Caso,CM,
https://www.imdb.com/name/nm1219831,Gary Clayton,CM,
https://www.imdb.com/name/nm0227046,Oscar Dillon,CM,
https://www.imdb.com/name/nm0334164,Keith Graham,CM,
https://www.imdb.com/name/nm0340485,Kevin Grevioux,CM,
https://www.imdb.com/name/nm0483002,Randy Lamb,CM,
https://www.imdb.com/name/nm0483673,Maurice Lamont,CM,
https://www.imdb.com/name/nm0490801,Sidney S. Liufau,,
https://www.imdb.com/name/nm0551997,Brad Martin,CM,
https://www.imdb.com/name/nm0564247,Deron McBee,CM,
https://www.imdb.com/name/nm0611178,Mario Mugavero,CM,
https://www.imdb.com/name/nm0625470,Joey Nelson,,
https://www.imdb.com/name/nm0658293,Jim Palmer,CM,
https://www.imdb.com/name/nm0682201,Peewee Piemonte,,
https://www.imdb.com/name/nm0705781,Peter Radon,CM,
https://www.imdb.com/name/nm0735028,François Rodrigue,CM,
https://www.imdb.com/name/nm0754589,Joe Sabatino,CM,
https://www.imdb.com/name/nm0760236,Ofer Samra,CM,
https://www.imdb.com/name/nm0797477,Matt Sigloch,CM,
https://www.imdb.com/name/nm0809371,Mike Smith,CM,
https://www.imdb.com/name/nm0341055,Joe Grifasi,CM,
https://www.imdb.com/name/nm0041281,Rene Auberjonois,,
https://www.imdb.com/name/nm0119003,Rebecca Budig,CF,
https://www.imdb.com/name/nm0440723,Gary Kasper,CM,
https://www.imdb.com/name/nm0000362,Danny DeVito,CM,
https://www.imdb.com/name/nm0000201,Michelle Pfeiffer,CF,
https://www.imdb.com/name/nm0000686,Christopher Walken,CM,
https://www.imdb.com/name/nm0614526,Michael Murphy,CM,
https://www.imdb.com/name/nm0571438,Travis McKenna,CM,
https://www.imdb.com/name/nm0331666,Robert Gossett,CM,
https://www.imdb.com/name/nm0174192,Cristi Conaway,,
https://www.imdb.com/name/nm0648534,Erik Onate,CM,
https://www.imdb.com/name/nm0117420,Andrew Bryniarski,CM,
https://www.imdb.com/name/nm0937059,Steve Witting,CM,
https://www.imdb.com/name/nm0923490,Sean Whalen,CM,
https://www.imdb.com/name/nm0001704,Vincent Schiavelli,CM,
https://www.imdb.com/name/nm0958658,Rick Zumwalt,CM,
https://www.imdb.com/name/nm0393660,Jan Hooks,CM,
https://www.imdb.com/name/nm0427964,Doug Jones,CM,
https://www.imdb.com/name/nm0026066,Erika Andersch,CF,
https://www.imdb.com/name/nm0432953,Joan Jurige,,
https://www.imdb.com/name/nm0316104,Joan Giammarco,,
https://www.imdb.com/name/nm0226009,Frank DiElsi,CM,
https://www.imdb.com/name/nm0220097,Joey DePinto,,
https://www.imdb.com/name/nm0192003,Gregory Scott Cummins,CM,
https://www.imdb.com/name/nm0388835,Cal Hoffman,,
https://www.imdb.com/name/nm0455437,Henry Kingi,CM,
https://www.imdb.com/name/nm0000123,George Clooney,CM,
https://www.imdb.com/name/nm0000235,Uma Thurman,,
https://www.imdb.com/name/nm0000216,Arnold Schwarzenegger,CM,
https://www.imdb.com/name/nm0000224,Alicia Silverstone,CF,
https://www.imdb.com/name/nm0001278,John Glover,CM,
https://www.imdb.com/name/nm0000512,Elle Macpherson,,
https://www.imdb.com/name/nm0761545,Elizabeth Sanders,CF,
https://www.imdb.com/name/nm0277822,John Fink,CM,
https://www.imdb.com/name/nm0151033,Michael Paul Chan,CM,
https://www.imdb.com/name/nm0000407,Vivica A. Fox,CF,
https://www.imdb.com/name/nm0441588,Nicky Katt,,
https://www.imdb.com/name/nm0006535,Doug Hutchison,CM,
https://www.imdb.com/name/nm0001570,Edward Norton,CM,
https://www.imdb.com/name/nm0302108,Zach Galifianakis,CM,
https://www.imdb.com/name/nm1297015,Emma Stone,,
https://www.imdb.com/name/nm0915208,Naomi Watts,CF,
https://www.imdb.com/name/nm2057859,Andrea Riseborough,,
https://www.imdb.com/name/nm0752407,Amy Ryan,CF,
https://www.imdb.com/name/nm0242026,Lindsay Duncan,,
https://www.imdb.com/name/nm0787892,Jeremy Shamos,CM,
https://www.imdb.com/name/nm0796251,Michael Siberry,CM,
https://www.imdb.com/name/nm0923266,Merritt Wever,,
https://www.imdb.com/name/nm0949433,Damian Young,CM,
https://www.imdb.com/name/nm0996134,Paula Pell,CF,
https://www.imdb.com/name/nm0276435,David Fierro,CM,
https://www.imdb.com/name/nm1932619,Natalie Gold,CF,
https://www.imdb.com/name/nm5320496,Brent Bateman,CM,
https://www.imdb.com/name/nm0012289,Stephen Adly Guirgis,CM,
https://www.imdb.com/name/nm1445699,Kyle Knauf,CM,
https://www.imdb.com/name/nm3465071,Dave Neal,CM,
https://www.imdb.com/name/nm4302007,Kelly Southerland,,
https://www.imdb.com/name/nm0181068,Janis Corsair,,
https://www.imdb.com/name/nm6827712,Hudson Flynn,CM,
https://www.imdb.com/name/nm4295500,Roberta Colindrez,CF,
https://www.imdb.com/name/nm0949208,William Youmans,CM,
https://www.imdb.com/name/nm0196185,Craig muMs Grant,CM,
https://www.imdb.com/name/nm1569276,Chadwick Boseman,CM,
https://www.imdb.com/name/nm0430107,Michael B. Jordan,CM,
https://www.imdb.com/name/nm4004793,Letitia Wright,CF,
https://www.imdb.com/name/nm0785227,Andy Serkis,,
https://www.imdb.com/name/nm0293509,Martin Freeman,CM,
https://www.imdb.com/name/nm2143282,Lupita Nyong'o,CF,
https://www.imdb.com/name/nm0001845,Forest Whitaker,,
https://www.imdb.com/name/nm2257207,Daniel Kaluuya,CM,
https://www.imdb.com/name/nm1250791,Sterling K. Brown,,
https://www.imdb.com/name/nm6328300,Winston Duke,CM,
https://www.imdb.com/name/nm0434712,John Kani,CM,
https://www.imdb.com/name/nm0000291,Angela Bassett,CF,
https://www.imdb.com/name/nm0207218,Isaach De Bankolé,CM,
https://www.imdb.com/name/nm0267432,Francesca Faridany,CF,
https://www.imdb.com/name/nm3696388,Trevor Noah,CM,
https://www.imdb.com/name/nm3571491,Sope Aluko,,
https://www.imdb.com/name/nm9607809,Tristan Timmons,CM,
https://www.imdb.com/name/nm0764527,Danny Sapani,CM,
https://www.imdb.com/name/nm1091701,Denzel Whitaker,CM,
https://www.imdb.com/name/nm1605085,David S. Lee,CM,
https://www.imdb.com/name/nm8852246,Nabiyah Be,,
https://www.imdb.com/name/nm0441042,Florence Kasumba,CF,
https://www.imdb.com/name/nm2818492,Atandwa Kani,,
https://www.imdb.com/name/nm8037970,Ashton Tyler,,
https://www.imdb.com/name/nm9607810,Thabo Moropane,CM,
https://www.imdb.com/name/nm9607811,Zani Mogodi,,
https://www.imdb.com/name/nm8691833,Chad Crumley,CM,
https://www.imdb.com/name/nm0001151,Stephen Dorff,CM,
https://www.imdb.com/name/nm0000648,Wesley Snipes,CM,
https://www.imdb.com/name/nm0942668,N'Bushe Wright,,
https://www.imdb.com/name/nm0001434,Kris Kristofferson,,
https://www.imdb.com/name/nm0006610,Donal Logue,CM,
https://www.imdb.com/name/nm0001424,Udo Kier,CM,
https://www.imdb.com/name/nm0005125,Sanaa Lathan,CF,
https://www.imdb.com/name/nm0347375,Tim Guinee,CM,
https://www.imdb.com/name/nm0249981,Eric Edwards,CM,
https://www.imdb.com/name/nm0382693,Keith Leon Williams,CM,
https://www.imdb.com/name/nm0431332,Arly Jover,,
https://www.imdb.com/name/nm0425543,Kenny Johnson,,
https://www.imdb.com/name/nm0858593,Carmen Thomas,CF,
https://www.imdb.com/name/nm0000183,Traci Lords,CF,
https://www.imdb.com/name/nm0007237,Leonor Varela,CF,
https://www.imdb.com/name/nm0005342,Norman Reedus,CM,
https://www.imdb.com/name/nm0470981,Thomas Kretschmann,CM,
https://www.imdb.com/name/nm0000579,Ron Perlman,CM,
https://www.imdb.com/name/nm0776580,Matt Schulze,CM,
https://www.imdb.com/name/nm0424253,Danny John-Jules,CM,
https://www.imdb.com/name/nm0331577,Luke Goss,CM,
https://www.imdb.com/name/nm0590641,Andrea Miltner,,
https://www.imdb.com/name/nm1126395,Marit Velle Kile,CF,
https://www.imdb.com/name/nm0782213,Santiago Segura,CM,
https://www.imdb.com/name/nm0192889,Tony Curran,CM,
https://www.imdb.com/name/nm0498523,Pete Lee-Wilson,CM,
https://www.imdb.com/name/nm0073231,Ladislav Beran,CM,
https://www.imdb.com/name/nm0005351,Ryan Reynolds,CM,
https://www.imdb.com/name/nm0383422,John Michael Higgins,CM,
https://www.imdb.com/name/nm0005169,Natasha Lyonne,CF,
https://www.imdb.com/name/nm0700712,Dominic Purcell,CM,
https://www.imdb.com/name/nm0000205,Parker Posey,,
https://www.imdb.com/name/nm0004754,Jessica Biel,CF,
https://www.imdb.com/name/nm0077623,Mark Berry,CM,
https://www.imdb.com/name/nm0001664,James Remar,CM,
https://www.imdb.com/name/nm0652663,Patton Oswalt,CM,
https://www.imdb.com/name/nm0382216,Christopher Heyerdahl,CM,
https://www.imdb.com/name/nm0719678,Callum Keith Rennie,CM,
https://www.imdb.com/name/nm1569714,Erica Cerra,CF,
https://www.imdb.com/name/nm0505391,Paul Levesque,CM,
https://www.imdb.com/name/nm0712649,Michael Anthony Rawlins,CM,
https://www.imdb.com/name/nm1477415,Ginger Page,,
https://www.imdb.com/name/nm0694313,Shannon Powell,,
https://www.imdb.com/name/nm0820605,Michael St. John Smith,CM,
https://www.imdb.com/name/nm0878141,Birkett Turton,CM,
https://www.imdb.com/name/nm0783498,Ron Selmour,CM,
https://www.imdb.com/name/nm0189162,Garvin Cross,CM,
https://www.imdb.com/name/nm0682072,Simon Pidgeon,CM,
https://www.imdb.com/name/nm1215853,Cascy Beddow,,
https://www.imdb.com/name/nm1457826,Paul Anthony,CM,
https://www.imdb.com/name/nm0000932,Halle Berry,,
https://www.imdb.com/name/nm0000973,Benjamin Bratt,CM,
https://www.imdb.com/name/nm0000232,Sharon Stone,CF,
https://www.imdb.com/name/nm0808990,Kim Smith,,
https://www.imdb.com/name/nm0542677,Byron Mann,CM,
https://www.imdb.com/name/nm0636105,Michael P. Northey,CM,
https://www.imdb.com/name/nm0542821,John Mann,CM,
https://www.imdb.com/name/nm0336125,Ona Grauer,CF,
https://www.imdb.com/name/nm0472261,Jill Krop,,
https://www.imdb.com/name/nm0344435,Ioan Gruffudd,CM,
https://www.imdb.com/name/nm0573037,Julian McMahon,CM,
https://www.imdb.com/name/nm0004695,Jessica Alba,CF,
https://www.imdb.com/name/nm0004821,Michael Chiklis,CM,
https://www.imdb.com/name/nm0512934,Hamish Linklater,CM,
https://www.imdb.com/name/nm0465959,Michael Kopsa,CM,
https://www.imdb.com/name/nm0913488,Kerry Washington,,
https://www.imdb.com/name/nm0014803,Andrew Airlie,CM,
https://www.imdb.com/name/nm1172764,Maria Menounos,CF,
https://www.imdb.com/name/nm0390229,Laurie Holden,CF,
https://www.imdb.com/name/nm1306686,Donavon Stinson,CM,
https://www.imdb.com/name/nm1966232,Jamie Little,,
https://www.imdb.com/name/nm0574081,Kevin McNulty,CM,
https://www.imdb.com/name/nm0413402,Dee Jay Jackson,,
https://www.imdb.com/name/nm1370984,Pascale Hutton,CF,
https://www.imdb.com/name/nm0224423,Jason Diablo,CM,
https://www.imdb.com/name/nm0662189,David Parker,CM,
https://www.imdb.com/name/nm1095942,Penelope Corrin,CF,
https://www.imdb.com/name/nm0187764,Brenda Crichlow,CF,
https://www.imdb.com/name/nm1740381,Nicole Muñoz,CF,
https://www.imdb.com/name/nm1970075,Bobby Bysouth,CM,
https://www.imdb.com/name/nm0331162,Peggy Gormley,CF,
https://www.imdb.com/name/nm0000621,Kurt Russell,CM,
https://www.imdb.com/name/nm0177896,Bradley Cooper,CM,
https://www.imdb.com/name/nm0740264,Michael Rooker,CM,
https://www.imdb.com/name/nm1176985,Dave Bautista,CM,
https://www.imdb.com/name/nm2962353,Pom Klementieff,,
https://www.imdb.com/name/nm4456120,Elizabeth Debicki,CF,
https://www.imdb.com/name/nm0000230,Sylvester Stallone,CM,
https://www.imdb.com/name/nm2884388,Chris Sullivan,,
https://www.imdb.com/name/nm2652095,Laura Haddock,CF,
https://www.imdb.com/name/nm0004874,Vin Diesel,,
https://www.imdb.com/name/nm0112871,Ben Browder,CM,
https://www.imdb.com/name/nm0012948,Steve Agee,CM,
https://www.imdb.com/name/nm0281107,Tommy Flanagan,CM,
https://www.imdb.com/name/nm6282315,Hannah Harlow,CF,
https://www.imdb.com/name/nm0428055,Evan Jones,,
https://www.imdb.com/name/nm1002694,Joe Fria,CM,
https://www.imdb.com/name/nm0742146,Michael Rosenbaum,CM,
https://www.imdb.com/name/nm0000706,Michelle Yeoh,CF,
https://www.imdb.com/name/nm0000609,Ving Rhames,,
https://www.imdb.com/name/nm5167893,Hilty Bowen,,
https://www.imdb.com/name/nm0018515,John Alexander,CM,
https://www.imdb.com/name/nm0910472,Anna Walton,CF,
https://www.imdb.com/name/nm0004757,Selma Blair,CF,
https://www.imdb.com/name/nm0001787,Jeffrey Tambor,CM,
https://www.imdb.com/name/nm0956722,Jeremy Zimmermann,CM,
https://www.imdb.com/name/nm0234541,Roy Dotrice,CM,
https://www.imdb.com/name/nm0576444,Michael Mehlmann,CM,
https://www.imdb.com/name/nm1808061,Mike Kelly,CM,
https://www.imdb.com/name/nm1336506,Andrew Hefler,CM,
https://www.imdb.com/name/nm0000134,Robert De Niro,CM,
https://www.imdb.com/name/nm5939164,Zazie Beetz,,
https://www.imdb.com/name/nm0281909,Glenn Fleshler,CM,
https://www.imdb.com/name/nm0913531,Sharon Washington,CF,
https://www.imdb.com/name/nm0191442,Brett Cullen,CM,
https://www.imdb.com/name/nm3109964,Brian Tyree Henry,CM,
https://www.imdb.com/name/nm0656929,Josh Pais,CM,
https://www.imdb.com/name/nm0131966,Bill Camp,CM,
https://www.imdb.com/name/nm6802489,Carl Lundstedt,CM,
https://www.imdb.com/name/nm0073121,Michael Benz,CM,
https://www.imdb.com/name/nm4757453,Ben Warheit,CM,
https://www.imdb.com/name/nm0549505,Marc Maron,CM,
https://www.imdb.com/name/nm0924154,Shea Whigham,,
https://www.imdb.com/name/nm5279916,Leigh Gill,,
https://www.imdb.com/name/nm0388061,Douglas Hodge,CM,
https://www.imdb.com/name/nm0939703,Frank Wood,CM,
https://www.imdb.com/name/nm5412083,Chris Redd,,
https://www.imdb.com/name/nm0055616,Greer Barnes,,
https://www.imdb.com/name/nm0406320,Ray Iannicelli,,
https://www.imdb.com/name/nm0127362,John Cenatiempo,CM,
https://www.imdb.com/name/nm6006902,Danny Schoch,CM,
https://www.imdb.com/name/nm0416932,Sondra James,CF,
https://www.imdb.com/name/nm8122257,Mick Szal,CM,
https://www.imdb.com/name/nm7898438,Vito Gerbino,CM,
https://www.imdb.com/name/nm10904409,Xavyer Ureña,CM,
https://www.imdb.com/name/nm9449041,Evan Rosado,,
https://www.imdb.com/name/nm10327922,Damian Emmanuel,CM,
https://www.imdb.com/name/nm0413168,Hugh Jackman,CM,
https://www.imdb.com/name/nm0001772,Patrick Stewart,CM,
https://www.imdb.com/name/nm2933542,Boyd Holbrook,CM,
https://www.imdb.com/name/nm0735300,Elizabeth Rodriguez,CF,
https://www.imdb.com/name/nm0580351,Stephen Merchant,CM,
https://www.imdb.com/name/nm0001290,Richard E. Grant,CM,
https://www.imdb.com/name/nm0005113,Eriq La Salle,CM,
https://www.imdb.com/name/nm6748436,Dafne Keen,CF,
https://www.imdb.com/name/nm0005264,Elise Neal,CF,
https://www.imdb.com/name/nm7535414,Jason Genao,CM,
https://www.imdb.com/name/nm0517448,Lennie Loftin,,
https://www.imdb.com/name/nm7875835,Quincy Fouse,,
https://www.imdb.com/name/nm0359695,James Handy,CM,
https://www.imdb.com/name/nm1305056,Lara Grice,CF,
https://www.imdb.com/name/nm1664127,James Moses Black,CM,
https://www.imdb.com/name/nm2163847,Maureen Brennan,CF,
https://www.imdb.com/name/nm6375101,Bryant Tardy,CM,
https://www.imdb.com/name/nm4504897,Dave Davis,CM,
https://www.imdb.com/name/nm8792797,Cynthia Woods,CF,
https://www.imdb.com/name/nm5251859,Katie Anne Mitchell,CF,
https://www.imdb.com/name/nm4299489,Bryce Romero,CM,
https://www.imdb.com/name/nm0039327,Mark Ashworth,CM,
https://www.imdb.com/name/nm4700284,Parker Lovein,,
https://www.imdb.com/name/nm0010736,Amy Adams,CF,
https://www.imdb.com/name/nm0147147,Henry Cavill,CM,
https://www.imdb.com/name/nm2631090,Jadin Gould,,
https://www.imdb.com/name/nm0771493,Richard Schiff,CM,
https://www.imdb.com/name/nm0000401,Laurence Fishburne,CF,
https://www.imdb.com/name/nm0657548,Chris Palermo,,
https://www.imdb.com/name/nm0000178,Diane Lane,CF,
https://www.imdb.com/name/nm0000126,Kevin Costner,CM,
https://www.imdb.com/name/nm1517976,Chris Pine,,
https://www.imdb.com/name/nm0000179,Jude Law,,
https://www.imdb.com/name/nm0279545,Isla Fisher,,
https://www.imdb.com/name/nm2023672,Dakota Goyo,,
https://www.imdb.com/name/nm3549573,Isabella Blake-Thomas,CF,
https://www.imdb.com/name/nm3961654,Emily Nordwind,CF,
https://www.imdb.com/name/nm3262224,Kamil McFadden,CM,
https://www.imdb.com/name/nm2810621,Olivia Mattingly,CF,
https://www.imdb.com/name/nm1367048,Khamani Griffin,CM,
https://www.imdb.com/name/nm5361585,Georgie Grieve,,
https://www.imdb.com/name/nm3676232,Dominique Grund,,
https://www.imdb.com/name/nm3161916,Jacob Bertrand,CM,
https://www.imdb.com/name/nm0226206,Rich Dietl,CM,
https://www.imdb.com/name/nm1899400,April Lawrence,CF,
https://www.imdb.com/name/nm0001497,Tobey Maguire,,
https://www.imdb.com/name/nm0290556,James Franco,CM,
https://www.imdb.com/name/nm0799777,J.K. Simmons,,
https://www.imdb.com/name/nm0542133,Joe Manganiello,CM,
https://www.imdb.com/name/nm0731772,Cliff Robertson,CM,
https://www.imdb.com/name/nm0914223,Myk Watford,,
https://www.imdb.com/name/nm0032216,Peter Appel,CM,
https://www.imdb.com/name/nm0365281,Rosemary Harris,CF,
https://www.imdb.com/name/nm0768539,Jill Sayre,,
https://www.imdb.com/name/nm0132257,Bruce Campbell,CM,
https://www.imdb.com/name/nm0703595,Timothy Patrick Quill,CM,
https://www.imdb.com/name/nm1171163,Jim Norton,CM,
https://www.imdb.com/name/nm0079439,Jack Betts,CM,
https://www.imdb.com/name/nm0036439,Evan Arnold,,
https://www.imdb.com/name/nm0000547,Alfred Molina,CM,
https://www.imdb.com/name/nm0000484,John Landis,CM,
https://www.imdb.com/name/nm0059946,Elya Baskin,,
https://www.imdb.com/name/nm0221043,Emily Deschanel,CF,
https://www.imdb.com/name/nm0000115,Nicolas Cage,CM,
https://www.imdb.com/name/nm1063517,Kathryn Hahn,CF,
https://www.imdb.com/name/nm2159926,Jake Johnson,CM,
https://www.imdb.com/name/nm0005499,Lily Tomlin,CF,
https://www.imdb.com/name/nm2430511,Edwin R. Habacon,CM,
https://www.imdb.com/name/nm0001816,Robert Vaughn,CM,
https://www.imdb.com/name/nm0001578,Annette O'Toole,CF,
https://www.imdb.com/name/nm0517506,Annie Ross,CF,
https://www.imdb.com/name/nm0827298,Pamela Stephenson,CF,
https://www.imdb.com/name/nm0641398,Gavan O'Herlihy,CM,
https://www.imdb.com/name/nm0434497,Paul Kaethler,CM,
https://www.imdb.com/name/nm0823174,Graham Stark,CM,
https://www.imdb.com/name/nm0395600,Helen Horton,CF,
https://www.imdb.com/name/nm0731444,Nancy Roberts,CF,
https://www.imdb.com/name/nm0797506,Gordon Signer,CM,
https://www.imdb.com/name/nm0068462,R.J. Bell,,
https://www.imdb.com/name/nm0064235,Robert Beatty,CM,
https://www.imdb.com/name/nm0541739,Pamela Mandell,CF,
https://www.imdb.com/name/nm0225549,Sandra Dickinson,CF,
https://www.imdb.com/name/nm0823575,Pat Starr,,
https://www.imdb.com/name/nm0386516,Lou Hirsch,CM,
https://www.imdb.com/name/nm0376580,Robert Henderson,CM,
https://www.imdb.com/name/nm0482987,Larry Lamb,CM,
https://www.imdb.com/name/nm0766797,Enid Saunders,,
https://www.imdb.com/name/nm0539095,Christopher Malcolm,CM,
https://www.imdb.com/name/nm0435875,Stefan Kalipha,CM,
https://www.imdb.com/name/nm0000446,Mariel Hemingway,,
https://www.imdb.com/name/nm0910737,Sam Wanamaker,,
https://www.imdb.com/name/nm0001083,Jon Cryer,CM,
https://www.imdb.com/name/nm0572468,Damian McLawhorn,CM,
https://www.imdb.com/name/nm0271514,Don Fellows,CM,
https://www.imdb.com/name/nm0683565,Mark Pillow,CM,
https://www.imdb.com/name/nm0111632,Jayne Brook,CF,
https://www.imdb.com/name/nm0495818,Stanley Lebor,CM,
https://www.imdb.com/name/nm0407621,Douglas W. Iles,CM,
https://www.imdb.com/name/nm1382236,Diana Hunter,CF,
https://www.imdb.com/name/nm0792384,Bob Sherman,CM,
https://www.imdb.com/name/nm0308634,David Garth,CM,
https://www.imdb.com/name/nm0567881,Mac McDonald,,
https://www.imdb.com/name/nm0430794,Indira Joshi,CF,
https://www.imdb.com/name/nm0128594,John Cagon,CM,
https://www.imdb.com/name/nm0171476,Nicholas Colicos,CM,
https://www.imdb.com/name/nm0000980,Jim Broadbent,CM,
https://www.imdb.com/name/nm0491827,Bradley Lavelle,CM,
https://www.imdb.com/name/nm0079273,Paul Bettany,CM,
https://www.imdb.com/name/nm0330687,Joseph Gordon-Levitt,CM,
https://www.imdb.com/name/nm0362766,Tom Hardy,CM,
https://www.imdb.com/name/nm0004266,Anne Hathaway,CF,
https://www.imdb.com/name/nm0310622,Uri Gavriel,CM,
https://www.imdb.com/name/nm0182839,Marion Cotillard,CF,
https://www.imdb.com/name/nm0000546,Matthew Modine,CM,
https://www.imdb.com/name/nm0578853,Ben Mendelsohn,CM,
https://www.imdb.com/name/nm0004801,Nestor Carbonell,CM,
https://www.imdb.com/name/nm1218607,Burn Gorman,,
https://www.imdb.com/name/nm0032962,Tomas Arana,CM,
https://www.imdb.com/name/nm0839326,Daniel Sunjata,CM,
https://www.imdb.com/name/nm0502073,Thomas Lennon,CM,
https://www.imdb.com/name/nm3886541,Miranda Nolan,CF,
https://www.imdb.com/name/nm0413089,Cameron Jack,,
https://www.imdb.com/name/nm0004993,Desmond Harrington,CM,
https://www.imdb.com/name/nm0254760,Chris Ellis,,
https://www.imdb.com/name/nm2728365,Joshua Elijah Reese,CM,
https://www.imdb.com/name/nm1017334,Juno Temple,,
https://www.imdb.com/name/nm1412974,Glen Powell,,
https://www.imdb.com/name/nm0114532,Rob Brown,CM,
https://www.imdb.com/name/nm0009530,Alon Aboutboul,CM,
https://www.imdb.com/name/nm0931898,Wade Williams,CM,
https://www.imdb.com/name/nm1237235,Ronnie Gene Blevins,,
https://www.imdb.com/name/nm0499791,Fredric Lehne,CM,
https://www.imdb.com/name/nm0002018,Tom Conti,CM,
https://www.imdb.com/name/nm0199575,Lex Daniel,,
https://www.imdb.com/name/nm4561678,Tyler Dean Flores,CM,
https://www.imdb.com/name/nm0109785,Brent Briscoe,CM,
https://www.imdb.com/name/nm1362555,Patrick Jordan,CM,
https://www.imdb.com/name/nm2246640,Julie Mun,CF,
https://www.imdb.com/name/nm0925544,Trevor White,CM,
https://www.imdb.com/name/nm0634297,John Nolan,CM,
https://www.imdb.com/name/nm0035395,Jillian Armenante,,
https://www.imdb.com/name/nm0579460,Gonzalo Menendez,CM,
https://www.imdb.com/name/nm2487301,Ben Cornish,CM,
https://www.imdb.com/name/nm2298278,Courtney Munch,,
https://www.imdb.com/name/nm0597521,David Monahan,CM,
https://www.imdb.com/name/nm1821157,Duane Henry,CM,
https://www.imdb.com/name/nm0000164,Anthony Hopkins,CM,
https://www.imdb.com/name/nm0829032,Ray Stevenson,,
https://www.imdb.com/name/nm0001745,Stellan Skarsgård,CM,
https://www.imdb.com/name/nm2796047,Josh Dallas,CM,
https://www.imdb.com/name/nm1526352,Jaimie Alexander,,
https://www.imdb.com/name/nm0252961,Idris Elba,CM,
https://www.imdb.com/name/nm0163988,Clark Gregg,CM,
https://www.imdb.com/name/nm0993507,Kat Dennings,,
https://www.imdb.com/name/nm0272173,Colm Feore,CM,
https://www.imdb.com/name/nm0173276,Seth Coltan,CM,
https://www.imdb.com/name/nm0833089,J. Michael Straczynski,,
https://www.imdb.com/name/nm4001157,Ryan Schaefer,CM,
https://www.imdb.com/name/nm0038355,Tadanobu Asano,CM,
https://www.imdb.com/name/nm1372971,Blake Silver,CM,
https://www.imdb.com/name/nm3053274,Juliet Lopez,CF,
https://www.imdb.com/name/nm0239771,Matt Ducey,CM,
https://www.imdb.com/name/nm1379739,Patrick O'Brien Demsey,CM,
https://www.imdb.com/name/nm0004964,Dale Godboldo,,
https://www.imdb.com/name/nm0000949,Cate Blanchett,CF,
https://www.imdb.com/name/nm0000156,Jeff Goldblum,CM,
https://www.imdb.com/name/nm0881631,Karl Urban,CM,
https://www.imdb.com/name/nm0000317,Clancy Brown,,
https://www.imdb.com/name/nm1959207,Cohen Holloway,,
https://www.imdb.com/name/nm1344302,Rachel House,CF,
https://www.imdb.com/name/nm5647934,Shalom Brune-Franklin,,
https://www.imdb.com/name/nm0046591,Jasper Bagg,CM,
https://www.imdb.com/name/nm6460320,Steven Oliver,CM,
https://www.imdb.com/name/nm0000168,Samuel L. Jackson,CM,
https://www.imdb.com/name/nm0000246,Bruce Willis,CM,
https://www.imdb.com/name/nm0940128,Charlayne Woodard,CF,
https://www.imdb.com/name/nm0492746,Elizabeth Lawrence,CF,
https://www.imdb.com/name/nm0859117,Kim Simms Thomas,,
https://www.imdb.com/name/nm0183573,Richard Council,CM,
https://www.imdb.com/name/nm0907708,Eamonn Walker,CM,
https://www.imdb.com/name/nm0051479,Firdous Bamji,,
https://www.imdb.com/name/nm0446257,Chance Kelly,,
https://www.imdb.com/name/nm0663581,Sally Parrish,CF,
https://www.imdb.com/name/nm0206449,Johanna Day,CF,
https://www.imdb.com/name/nm0735376,Jose L. Rodriguez,CM,
https://www.imdb.com/name/nm0626965,Sasha Joseph Neulinger,,
https://www.imdb.com/name/nm0005462,Leslie Stefanson,,
https://www.imdb.com/name/nm0933940,Patrick Wilson,CM,
https://www.imdb.com/name/nm0355097,Jackie Earle Haley,,
https://www.imdb.com/name/nm0015196,Malin Akerman,CF,
https://www.imdb.com/name/nm0001082,Billy Crudup,CM,
https://www.imdb.com/name/nm0328828,Matthew Goode,CM,
https://www.imdb.com/name/nm0604742,Jeffrey Dean Morgan,CM,
https://www.imdb.com/name/nm0565569,Stephen McHattie,CM,
https://www.imdb.com/name/nm0497869,Mi-Jung Lee,CF,
https://www.imdb.com/name/nm0001303,Carla Gugino,CF,
https://www.imdb.com/name/nm0147661,Fulvio Cecere,CM,
https://www.imdb.com/name/nm0789794,John Shaw,CM,
https://www.imdb.com/name/nm0001242,Matt Frewer,CM,
https://www.imdb.com/name/nm0106319,Jay Brazeau,,
https://www.imdb.com/name/nm0853335,William S. Taylor,CM,
https://www.imdb.com/name/nm0325023,L. Harvey Gold,,
https://www.imdb.com/name/nm0774721,Jason Schombing,CM,
https://www.imdb.com/name/nm0004540,Darren Shahlavi,CM,
https://www.imdb.com/name/nm0899485,Marshall Virtue,CM,
https://www.imdb.com/name/nm0492687,Colin Lawrence,CM,
https://www.imdb.com/name/nm0579728,Laura Mennell,CF,
https://www.imdb.com/name/nm1222981,Malcolm Scott,CM,
https://www.imdb.com/name/nm0814549,Manoj Sood,CM,
https://www.imdb.com/name/nm1150775,Patrick Sabongui,CM,
https://www.imdb.com/name/nm0860065,Don Thompson,CM,
https://www.imdb.com/name/nm2785427,Nhi Do,,
https://www.imdb.com/name/nm0854900,John Tench,CM,
https://www.imdb.com/name/nm0518499,Santo Lombardo,CM,
https://www.imdb.com/name/nm1176497,Sonya Salomaa,CF,
https://www.imdb.com/name/nm0915084,Danny Wattley,CM,
https://www.imdb.com/name/nm0158150,Louis Chirillo,CM,
https://www.imdb.com/name/nm0262957,Kurt Evans,CM,
https://www.imdb.com/name/nm0310240,Chris Gauthier,,
https://www.imdb.com/name/nm1546797,Chris Burns,,
https://www.imdb.com/name/nm9468795,Mark Gash,CM,
https://www.imdb.com/name/nm2933757,Gal Gadot,,
https://www.imdb.com/name/nm0001567,Connie Nielsen,CF,
https://www.imdb.com/name/nm0205063,Lucy Davis,CF,
https://www.imdb.com/name/nm1915282,Eleanor Matsuura,CF,
https://www.imdb.com/name/nm1574386,Ann Ogbomo,CF,
https://www.imdb.com/name/nm7767170,Freddy Carter,CM,
https://www.imdb.com/name/nm7424142,Fred Fergus,CM,
https://www.imdb.com/name/nm8751582,Harvey James,CM,
https://www.imdb.com/name/nm6412981,George Johnston,CM,
https://www.imdb.com/name/nm2966840,Lisa Loven Kongsli,CF,
https://www.imdb.com/name/nm0434759,Wolf Kahler,CM,
https://www.imdb.com/name/nm4041602,Amber Doyle,CF,
https://www.imdb.com/name/nm0005212,Ian McKellen,CM,
https://www.imdb.com/name/nm0000463,Famke Janssen,CF,
https://www.imdb.com/name/nm0001117,Bruce Davison,CM,
https://www.imdb.com/name/nm0005188,James Marsden,CM,
https://www.imdb.com/name/nm0629570,David Nichols,CM,
https://www.imdb.com/name/nm0001593,Anna Paquin,CF,
https://www.imdb.com/name/nm0005381,Rebecca Romijn,CF,
https://www.imdb.com/name/nm0541932,Tyler Mane,CM,
https://www.imdb.com/name/nm0661917,Ray Park,,
https://www.imdb.com/name/nm0396812,Danny Huston,CM,
https://www.imdb.com/name/nm1211488,Lynn Collins,,
https://www.imdb.com/name/nm0000630,Liev Schreiber,,
https://www.imdb.com/name/nm1443238,Will.i.am,,
https://www.imdb.com/name/nm2024644,Daniel Henney,CM,
https://www.imdb.com/name/nm0728547,David Ritchie,CM,
https://www.imdb.com/name/nm0498568,Stephen Leeder,CM,
https://www.imdb.com/name/nm0086611,Julia Blake,CF,
https://www.imdb.com/name/nm1134619,Tom O'Sullivan,CM,
https://www.imdb.com/name/nm2931989,Troye Sivan,CM,
https://www.imdb.com/name/nm1032034,Myles Pollard,,
https://www.imdb.com/name/nm1263928,Socratis Otto,CM,
https://www.imdb.com/name/nm0243806,Kevin Durand,CM,
https://www.imdb.com/name/nm0659698,Panou,,
https://www.imdb.com/name/nm0203567,Alexandra Davies,CF,
https://www.imdb.com/name/nm1035261,Matthew Dale,CM,
https://www.imdb.com/name/nm2530433,Nathin Butler,CM,
https://www.imdb.com/name/nm0002642,Warwick Young,CM,
